id,firstname,lastname,email,email2,profession
100,Robbi,Hebner,Robbi.Hebner@yopmail.com,Robbi.Hebner@gmail.com,doctor
101,Alyda,Irmine,Alyda.Irmine@yopmail.com,Alyda.Irmine@gmail.com,doctor
102,Gisela,Croix,Gisela.Croix@yopmail.com,Gisela.Croix@gmail.com,developer
103,Lory,Francene,Lory.Francene@yopmail.com,Lory.Francene@gmail.com,worker
104,Gratia,Garlinda,Gratia.Garlinda@yopmail.com,Gratia.Garlinda@gmail.com,developer
105,Elbertina,Rillings,Elbertina.Rillings@yopmail.com,Elbertina.Rillings@gmail.com,worker
106,Leeanne,Lowry,Leeanne.Lowry@yopmail.com,Leeanne.Lowry@gmail.com,worker
107,Marti,Ralfston,Marti.Ralfston@yopmail.com,Marti.Ralfston@gmail.com,firefighter
108,Fanchon,Fax,Fanchon.Fax@yopmail.com,Fanchon.Fax@gmail.com,firefighter
109,Aeriela,Morehouse,Aeriela.Morehouse@yopmail.com,Aeriela.Morehouse@gmail.com,doctor